"","F1_1","F1_2","F1_3","F1_4","F1_5","F1_6","F1_7","F2_1","F2_2","F2_3","F2_4","F2_5","F2_6","F2_7","F2_8","F2_9","F2_10","F2_11","F2_12","F2_13","F2_14","F2_15","F2_16","F2_17","F2_18","A1","A2","A3","A4","A5","B1","B2","B3","B4","B5","N1","N2","N3","N4","N5","CurrentLabel","NextLabel"
"1",0,1,0,0,0,0,0,0,0,0,0,0,0,0,0,0,0,0,0,0,0,0,0,0,0,0,0,0,0,0,0,0,0,0,0,1,1,1,1,1,2,2
"2",0,1,1,1,1,1,1,0,0,0,0,0,0,0,0,0,0,0,0,0,1,1,1,1,1,0,0,0,0,0,0,0,0,0,0,1,1,1,1,1,2,1
"3",0,1,15,15,15,15,15,0,0,0,1,1,1,1,1,0,0,0,0,0,2,2,2,2,2,0.2,0.2,0.2,0.2,0.2,0,0,0,0,0,0.8,0.8,0.8,0.8,0.8,2,0
"4",0,1,21,21,21,21,21,0,0,0,0,0,0,0,0,0,0,0,0,0,4,4,4,4,4,0.19047619047619,0.19047619047619,0.19047619047619,0.19047619047619,0.19047619047619,0.19047619047619,0.19047619047619,0.19047619047619,0.19047619047619,0.19047619047619,0.619047619047619,0.619047619047619,0.619047619047619,0.619047619047619,0.619047619047619,2,0
"5",0,2,0,0,0,0,0,0,0,0,0,0,0,0,0,0,0,0,0,0,0,0,0,0,0,0,0,0,0,0,0,0,0,0,0,1,1,1,1,1,2,0
"6",0,2,0,0.25,0.5,0.75,1,0,0,0,0,0,0,0,0,0,0,0,0,0,0,0,0,0,0,0,0.25,0.5,0.75,1,0,0,0,0,0,0,0.25,0.5,0.75,1,2,2
"7",0,3,0,0,0,0,0,0,0,0,0,0,0,0,0,0,0,0,0,0,0,0,0,0,0,0,0,0,0.5,1,0,0,0,0,0,0,0.5,1,1,1,2,2
"8",1,0,0,0,0,0,0,0,0,0,0,0,0,0,0,0,0,0,0,0,0,0,0,0,0,0,0,0,0,0,0.166666666666667,0.166666666666667,0.166666666666667,0.166666666666667,0.166666666666667,0.833333333333333,0.833333333333333,0.833333333333333,0.833333333333333,0.833333333333333,2,1
"9",1,0,0,0,0,0,0,0,0,1,0,0,0,0,0,0,0,0,0,0,0,0,0,0,0,0,0,0,0,0,0,0,0,0,0,1,1,1,1,1,2,2
"10",1,0,0,0,0,0,0,0,0,1,0,0,0,0,0,0,0,0,0,0,0,0,0,0,0,0,0,0,0,0,0.166666666666667,0.166666666666667,0.166666666666667,0.166666666666667,0.166666666666667,0.833333333333333,0.833333333333333,0.833333333333333,0.833333333333333,0.833333333333333,2,2
"11",1,0,0,0,0,0,0,0,0,1,0,0,0,0,0,0,0,0,0,0,0,0,0,0,0,0,0,0,0,0,0.375,0.375,0.375,0.375,0.375,0.625,0.625,0.625,0.625,0.625,2,0
"12",1,0,0,0,0,0,0,0,0,1,0,0,0,0,0,0,0,0,0,0,0,0,0,0,0,0.0909090909090909,0.0909090909090909,0.0909090909090909,0.0909090909090909,0.0909090909090909,0,0,0,0,0,0.909090909090909,0.909090909090909,0.909090909090909,0.909090909090909,0.909090909090909,2,1
"13",1,0,0,0,0,0,0,0,0,1,0,0,0,0,0,0,0,0,0,0,0,0,0,0,0,0.103448275862069,0.103448275862069,0.103448275862069,0.103448275862069,0.103448275862069,0.0344827586206897,0.0344827586206897,0.0344827586206897,0.0344827586206897,0.0344827586206897,0.862068965517241,0.862068965517241,0.862068965517241,0.862068965517241,0.862068965517241,2,1
"14",1,0,0,0,0,0,0,0,0,1,0,0,0,0,0,0,0,0,0,0,0,0,0,0,0,0.138755980861244,0.138755980861244,0.138755980861244,0.138755980861244,0.138755980861244,0.205741626794258,0.205741626794258,0.205741626794258,0.205741626794258,0.205741626794258,0.655502392344498,0.655502392344498,0.655502392344498,0.655502392344498,0.655502392344498,2,2
"15",1,0,0,0,0,0,0,0,0,1,0,0,0,0,0,0,0,0,0,0,0,0,0,0,0,0.142857142857143,0.142857142857143,0.142857142857143,0.142857142857143,0.142857142857143,0,0,0,0,0,0.857142857142857,0.857142857142857,0.857142857142857,0.857142857142857,0.857142857142857,2,2
"16",1,0,0,0,0,0,0,0,0,1,0,0,0,0,0,0,0,0,0,0,0,0,0,0,0,0.2,0.2,0.2,0.2,0.2,0,0,0,0,0,0.8,0.8,0.8,0.8,0.8,2,2
"17",1,0,0,0,0,0,0,0,0,1,0,0,0,0,0,0,0,0,0,0,0,0,0,0,0,0.379310344827586,0.379310344827586,0.379310344827586,0.379310344827586,0.379310344827586,0,0,0,0,0,0.620689655172414,0.620689655172414,0.620689655172414,0.620689655172414,0.620689655172414,2,0
"18",1,0,0,0,0,0,0,0,0,1,0,0,0,0,0,0,0,0,0,0,1,1,1,1,1,0.0882352941176471,0.0882352941176471,0.0882352941176471,0.0882352941176471,0.0882352941176471,0.176470588235294,0.176470588235294,0.176470588235294,0.176470588235294,0.176470588235294,0.735294117647059,0.735294117647059,0.735294117647059,0.735294117647059,0.735294117647059,2,2
"19",1,0,0,0,0,0,0,0,0,1,0,0,0,0,0,0,0,0,0,0,1,1,1,1,1,0.142857142857143,0.142857142857143,0.142857142857143,0.142857142857143,0.142857142857143,0.142857142857143,0.142857142857143,0.142857142857143,0.142857142857143,0.142857142857143,0.714285714285714,0.714285714285714,0.714285714285714,0.714285714285714,0.714285714285714,2,0
"20",1,0,0,0,0,0,0,0,0,1,0,0,0,0,0,0,0,0,0,0,1,1,1,1,1,0.27027027027027,0.27027027027027,0.27027027027027,0.27027027027027,0.27027027027027,0.193693693693694,0.193693693693694,0.193693693693694,0.193693693693694,0.193693693693694,0.536036036036036,0.536036036036036,0.536036036036036,0.536036036036036,0.536036036036036,2,1
"21",1,0,0,0,0,0,0,0,0,1,0,0,0,0,0,0,0,0,0,0,1,1,1,1,1,0.338028169014085,0.338028169014085,0.338028169014085,0.338028169014085,0.338028169014085,0.197183098591549,0.197183098591549,0.197183098591549,0.197183098591549,0.197183098591549,0.464788732394366,0.464788732394366,0.464788732394366,0.464788732394366,0.464788732394366,2,1
"22",1,0,0,0,0,0,0,0,0,1,0,0,0,0,0,0,0,0,0,0,2,2,2,2,2,0.103448275862069,0.103448275862069,0.103448275862069,0.103448275862069,0.103448275862069,0.310344827586207,0.310344827586207,0.310344827586207,0.310344827586207,0.310344827586207,0.586206896551724,0.586206896551724,0.586206896551724,0.586206896551724,0.586206896551724,2,1
"23",1,0,0,0,0,0,0,0,0,1,2,2,2,2,2,0,0,0,0,0,1,1,1,1,1,0.2,0.2,0.2,0.2,0.2,0.193548387096774,0.193548387096774,0.193548387096774,0.193548387096774,0.193548387096774,0.606451612903226,0.606451612903226,0.606451612903226,0.606451612903226,0.606451612903226,2,1
"24",1,0,0,0,0,0,0,0,1,0,0,0,0,0,0,0,0,0,0,0,0,0,0,0,0,0,0,0,0,0,0.272727272727273,0.272727272727273,0.272727272727273,0.272727272727273,0.272727272727273,0.727272727272727,0.727272727272727,0.727272727272727,0.727272727272727,0.727272727272727,2,2
"25",1,0,0,0,0,0,0,0,1,0,0,0,0,0,0,0,0,0,0,0,0,0,0,0,0,0.0666666666666667,0.0666666666666667,0.0666666666666667,0.0666666666666667,0.0666666666666667,0.166666666666667,0.166666666666667,0.166666666666667,0.166666666666667,0.166666666666667,0.766666666666667,0.766666666666667,0.766666666666667,0.766666666666667,0.766666666666667,2,2
"26",1,0,0,0,0,0,0,0,1,0,0,0,0,0,0,0,0,0,0,0,0,0,0,0,0,0.0833333333333333,0.0833333333333333,0.0833333333333333,0.0833333333333333,0.0833333333333333,0.458333333333333,0.458333333333333,0.458333333333333,0.458333333333333,0.458333333333333,0.458333333333333,0.458333333333333,0.458333333333333,0.458333333333333,0.458333333333333,2,0
"27",1,0,0,0,0,0,0,0,1,0,0,0,0,0,0,0,0,0,0,0,0,0,0,0,0,0.117977528089888,0.117977528089888,0.117977528089888,0.117977528089888,0.117977528089888,0.325842696629214,0.325842696629214,0.325842696629214,0.325842696629214,0.325842696629214,0.556179775280899,0.556179775280899,0.556179775280899,0.556179775280899,0.556179775280899,2,1
"28",1,0,0,0,0,0,0,0,1,0,0,0,0,0,0,0,0,0,0,0,0,0,0,0,0,0.173913043478261,0.173913043478261,0.173913043478261,0.173913043478261,0.173913043478261,0.119565217391304,0.119565217391304,0.119565217391304,0.119565217391304,0.119565217391304,0.706521739130435,0.706521739130435,0.706521739130435,0.706521739130435,0.706521739130435,2,0
"29",1,0,0,0,0,0,0,0,1,0,0,0,0,0,0,0,0,0,0,0,0,0,0,0,0,0.2,0.2,0.2,0.2,0.2,0.2,0.2,0.2,0.2,0.2,0.6,0.6,0.6,0.6,0.6,2,1
"30",1,0,0,0,0,0,0,0,1,0,0,0,0,0,0,0,0,0,0,0,0,0,0,0,0,0.21875,0.21875,0.21875,0.21875,0.21875,0.28125,0.28125,0.28125,0.28125,0.28125,0.5,0.5,0.5,0.5,0.5,2,1
"31",1,0,0,0,0,0,0,0,1,0,0,0,0,0,0,0,0,0,0,0,0,0,0,0,0,0.237410071942446,0.237410071942446,0.237410071942446,0.237410071942446,0.237410071942446,0.165467625899281,0.165467625899281,0.165467625899281,0.165467625899281,0.165467625899281,0.597122302158273,0.597122302158273,0.597122302158273,0.597122302158273,0.597122302158273,2,1
"32",1,0,0,0,0,0,0,0,1,0,0,0,0,0,0,0,0,0,0,0,0,0,0,0,0,0.327272727272727,0.327272727272727,0.327272727272727,0.327272727272727,0.327272727272727,0.181818181818182,0.181818181818182,0.181818181818182,0.181818181818182,0.181818181818182,0.490909090909091,0.490909090909091,0.490909090909091,0.490909090909091,0.490909090909091,2,0
"33",1,0,0,0,0,0,0,0,1,0,0,0,0,0,0,0,0,0,0,0,1,1,1,1,1,0.203125,0.203125,0.203125,0.203125,0.203125,0.3125,0.3125,0.3125,0.3125,0.3125,0.484375,0.484375,0.484375,0.484375,0.484375,2,1
"34",1,0,0,0,0,0,0,0,1,0,0,0,0,0,0,0,0,0,0,0,2,2,2,2,2,0.0845070422535211,0.0845070422535211,0.0845070422535211,0.0845070422535211,0.0845070422535211,0.211267605633803,0.211267605633803,0.211267605633803,0.211267605633803,0.211267605633803,0.704225352112676,0.704225352112676,0.704225352112676,0.704225352112676,0.704225352112676,2,0
"35",1,0,0,0,0,0,0,1,0,0,0,0,0,0,0,0,0,0,0,0,0,0,0,0,0,0.192307692307692,0.192307692307692,0.192307692307692,0.192307692307692,0.192307692307692,0.307692307692308,0.307692307692308,0.307692307692308,0.307692307692308,0.307692307692308,0.5,0.5,0.5,0.5,0.5,2,1
"36",1,0,0,0,0,0,0,1,0,0,0,0,0,0,0,0,0,0,0,0,0,0,0,0,0,0.193548387096774,0.193548387096774,0.193548387096774,0.193548387096774,0.193548387096774,0.290322580645161,0.290322580645161,0.290322580645161,0.290322580645161,0.290322580645161,0.516129032258065,0.516129032258065,0.516129032258065,0.516129032258065,0.516129032258065,2,1
"37",1,0,0,0,0,0,0,1,0,0,0,0,0,0,0,0,0,0,0,0,0,0,0,0,0,0.204545454545455,0.204545454545455,0.204545454545455,0.204545454545455,0.204545454545455,0.227272727272727,0.227272727272727,0.227272727272727,0.227272727272727,0.227272727272727,0.568181818181818,0.568181818181818,0.568181818181818,0.568181818181818,0.568181818181818,2,1
"38",1,0,0,0,0,0,0,1,0,0,0,0,0,0,0,0,0,0,0,0,0,0,0,0,0,0.25,0.25,0.25,0.25,0.25,0.142857142857143,0.142857142857143,0.142857142857143,0.142857142857143,0.142857142857143,0.607142857142857,0.607142857142857,0.607142857142857,0.607142857142857,0.607142857142857,2,0
"39",1,0,0,0,0,0,0,1,0,0,0,0,0,0,0,0,0,0,0,0,0,0,0,0,0,0.4,0.4,0.4,0.4,0.4,0,0,0,0,0,0.6,0.6,0.6,0.6,0.6,2,0
"40",1,0,0,0,0,0,0,1,0,0,0,0,0,0,0,0,0,0,0,0,0,0,0,0,0,0.416666666666667,0.416666666666667,0.416666666666667,0.416666666666667,0.416666666666667,0.166666666666667,0.166666666666667,0.166666666666667,0.166666666666667,0.166666666666667,0.416666666666667,0.416666666666667,0.416666666666667,0.416666666666667,0.416666666666667,2,0
"41",1,0,0,0,0,0,0,1,0,0,0,0,0,0,0,0,0,0,0,0,1,1,1,1,1,0.166666666666667,0.166666666666667,0.166666666666667,0.166666666666667,0.166666666666667,0,0,0,0,0,0.833333333333333,0.833333333333333,0.833333333333333,0.833333333333333,0.833333333333333,2,1
"42",1,1,6,6,6,6,6,0,0,1,0,0.25,0.5,0.75,1,0,0,0,0,0,0,0.75,1.5,2.25,3,0.142857142857143,0.142857142857143,0.142857142857143,0.142857142857143,0.142857142857143,0,0,0,0,0,0.857142857142857,0.857142857142857,0.857142857142857,0.857142857142857,0.857142857142857,2,1
"43",1,1,10,10,10,10,10,0,0,1,0,0,0,0,0,0,0.25,0.5,0.75,1,0,0.5,1,1.5,2,0,0,0,0,0,0.2,0.2,0.2,0.2,0.2,0.8,0.8,0.8,0.8,0.8,2,1
"44",1,2,0,0,0,0,0,1,0,0,0,0,0,0,0,0,0,0,0,0,0,0,0,0,0,0,0,0,0.15625,0.3125,0,0.03125,0.0625,0.53125,1,0,0.3125,0.625,0.8125,1,2,0
"45",2,0,0,0,0,0,0,0,0,2,0,0,0,0,0,0,0,0,0,0,0,0,0,0,0,0.0606060606060606,0.0954545454545455,0.13030303030303,0.165151515151515,0.2,0.0909090909090909,0.118181818181818,0.145454545454545,0.172727272727273,0.2,0.6,0.662121212121212,0.724242424242424,0.786363636363636,0.848484848484849,2,0
"46",2,0,0,0,0,0,0,0,0,2,0,0,0,0,0,0,0,0,0,0,0,0,0,0,0,0.125,0.159787735849057,0.194575471698113,0.22936320754717,0.264150943396226,0.0943396226415094,0.112421383647799,0.130503144654088,0.148584905660377,0.166666666666667,0.641509433962264,0.658215408805031,0.674921383647799,0.691627358490566,0.708333333333333,2,0
"47",2,0,0,0,0,0,0,0,0,2,0,0,0,0,0,0,0,0,0,0,0,0,0,0,0,0.216216216216216,0.231606606606607,0.246996996996997,0.262387387387387,0.277777777777778,0.324324324324324,0.326576576576577,0.328828828828829,0.331081081081081,0.333333333333333,0.388888888888889,0.406531531531532,0.424174174174174,0.441816816816817,0.459459459459459,2,1
"48",2,0,0,0,0,0,0,0,0,2,0,0,0,0,0,0,0,0,0,0,0,0.25,0.5,0.75,1,0.141509433962264,0.148266906932372,0.15502437990248,0.161781852872589,0.168539325842697,0.216981132075472,0.218915624337503,0.220850116599534,0.222784608861565,0.224719101123595,0.606741573033708,0.615433538265847,0.624125503497986,0.632817468730125,0.641509433962264,2,0
"49",2,0,0,0,0,0,0,0,0,2,0,0,0,0,0,0,0,0,0,0,0,0.25,0.5,0.75,1,0.264957264957265,0.266899766899767,0.268842268842269,0.270784770784771,0.272727272727273,0.159090909090909,0.185557498057498,0.212024087024087,0.238490675990676,0.264957264957265,0.47008547008547,0.494609557109557,0.519133644133644,0.543657731157731,0.568181818181818,2,0
"50",2,0,0,0,0,0,0,0,0,2,0,0,0,0,0,0,0,0,0,0,0,0.5,1,1.5,2,0.25,0.25,0.25,0.25,0.25,0.145833333333333,0.151041666666667,0.15625,0.161458333333333,0.166666666666667,0.583333333333333,0.588541666666667,0.59375,0.598958333333333,0.604166666666667,2,1
"51",2,0,0,0,0,0,0,0,0,2,0,0,0,0,0,0,0.25,0.5,0.75,1,0,0.25,0.5,0.75,1,0.168604651162791,0.168604651162791,0.168604651162791,0.168604651162791,0.168604651162791,0.203488372093023,0.203488372093023,0.203488372093023,0.203488372093023,0.203488372093023,0.627906976744186,0.627906976744186,0.627906976744186,0.627906976744186,0.627906976744186,2,0
"52",2,0,0,0,0,0,0,0,0,2,0,0.25,0.5,0.75,1,0,0,0,0,0,0,0,0,0,0,0.0769230769230769,0.138049450549451,0.199175824175824,0.260302197802198,0.321428571428571,0.0769230769230769,0.102335164835165,0.127747252747253,0.153159340659341,0.178571428571429,0.5,0.586538461538462,0.673076923076923,0.759615384615385,0.846153846153846,2,0
"53",2,0,0,0,0,0,0,0,0,2,0,0.25,0.5,0.75,1,0,0,0,0,0,0,0,0,0,0,0.0833333333333333,0.128289473684211,0.173245614035088,0.218201754385965,0.263157894736842,0.263157894736842,0.311951754385965,0.360745614035088,0.409539473684211,0.458333333333333,0.458333333333333,0.462171052631579,0.466008771929825,0.46984649122807,0.473684210526316,2,0
"54",2,0,0,0,0,0,0,0,1,1,0,0,0,0,0,0,0,0,0,0,0,0,0,0,0,0.213483146067416,0.22462848858282,0.235773831098224,0.246919173613628,0.258064516129032,0.258426966292135,0.282529902138456,0.306632837984777,0.330735773831098,0.354838709677419,0.387096774193548,0.422345052555274,0.457593330916999,0.492841609278724,0.528089887640449,2,0
"55",2,0,0,0,0,0,0,0,1,1,0,0,0,0,0,0,0,0,0,0,0,0.25,0.5,0.75,1,0,0.0357142857142857,0.0714285714285714,0.107142857142857,0.142857142857143,0.285714285714286,0.321428571428571,0.357142857142857,0.392857142857143,0.428571428571429,0.571428571428571,0.571428571428571,0.571428571428571,0.571428571428571,0.571428571428571,2,0
"56",2,0,0,0,0,0,0,0,1,1,0,0,0,0,0,0,0,0,0,0,0,0.25,0.5,0.75,1,0.0930232558139535,0.0930232558139535,0.0930232558139535,0.0930232558139535,0.0930232558139535,0.209302325581395,0.209302325581395,0.209302325581395,0.209302325581395,0.209302325581395,0.697674418604651,0.697674418604651,0.697674418604651,0.697674418604651,0.697674418604651,2,1
"57",2,0,0,0,0,0,0,0,1,1,0,0,0,0,0,0,0,0,0,0,2,2,2,2,2,0.0666666666666667,0.1125,0.158333333333333,0.204166666666667,0.25,0.0833333333333333,0.104166666666667,0.125,0.145833333333333,0.166666666666667,0.666666666666667,0.691666666666667,0.716666666666667,0.741666666666667,0.766666666666667,2,1
"58",2,0,0,0,0,0,0,0,1,1,0,0,0,0,0,0,0.25,0.5,0.75,1,0,0,0,0,0,0.0857142857142857,0.116369047619048,0.14702380952381,0.177678571428571,0.208333333333333,0.125,0.183035714285714,0.241071428571429,0.299107142857143,0.357142857142857,0.557142857142857,0.58452380952381,0.611904761904762,0.639285714285714,0.666666666666667,2,0
"59",2,0,0,0,0,0,0,1,0,1,0,0,0,0,0,0,0,0,0,0,0,0,0,0,0,0,0.0267857142857143,0.0535714285714286,0.0803571428571428,0.107142857142857,0.166666666666667,0.178571428571429,0.19047619047619,0.202380952380952,0.214285714285714,0.678571428571429,0.717261904761905,0.755952380952381,0.794642857142857,0.833333333333333,2,0
"60",2,0,0,0,0,0,0,1,0,1,0,0,0,0,0,0,0,0,0,0,0,0,0,0,0,0.2,0.202083333333333,0.204166666666667,0.20625,0.208333333333333,0.291666666666667,0.29375,0.295833333333333,0.297916666666667,0.3,0.5,0.5,0.5,0.5,0.5,2,0
"61",2,0,0,0,0,0,0,1,0,1,0,0,0,0,0,0,0,0,0,0,0,0,0,0,0,0.272727272727273,0.272727272727273,0.272727272727273,0.272727272727273,0.272727272727273,0.159090909090909,0.159090909090909,0.159090909090909,0.159090909090909,0.159090909090909,0.568181818181818,0.568181818181818,0.568181818181818,0.568181818181818,0.568181818181818,2,0
"62",2,0,0,0,0,0,0,1,0,1,1,1,1,1,1,0,0.25,0.5,0.75,1,0,0.25,0.5,0.75,1,0.160493827160494,0.227513227513228,0.294532627865961,0.361552028218695,0.428571428571429,0,0.0709876543209877,0.141975308641975,0.212962962962963,0.283950617283951,0.555555555555556,0.55952380952381,0.563492063492063,0.567460317460317,0.571428571428571,2,0
"63",2,0,0,0,0,0,0,1,1,0,0,0,0,0,0,0,0,0,0,0,0,0,0,0,0,0.130952380952381,0.145511583011583,0.160070785070785,0.174629987129987,0.189189189189189,0.202380952380952,0.205839768339768,0.209298584298584,0.2127574002574,0.216216216216216,0.594594594594595,0.612612612612613,0.630630630630631,0.648648648648649,0.666666666666667,2,1
"64",2,0,0,0,0,0,0,1,1,0,0,0,0,0,0,0,0.25,0.5,0.75,1,0,0,0,0,0,0.168604651162791,0.168604651162791,0.168604651162791,0.168604651162791,0.168604651162791,0.203488372093023,0.203488372093023,0.203488372093023,0.203488372093023,0.203488372093023,0.627906976744186,0.627906976744186,0.627906976744186,0.627906976744186,0.627906976744186,2,0
"65",2,0,0,0,0,0,0,2,0,0,0,0,0,0,0,0,0,0,0,0,0,0,0,0,0,0.166666666666667,0.220588235294118,0.274509803921569,0.32843137254902,0.382352941176471,0.235294117647059,0.259803921568627,0.284313725490196,0.308823529411765,0.333333333333333,0.382352941176471,0.411764705882353,0.441176470588235,0.470588235294118,0.5,2,1
"66",2,1,12,12,12,12,12,1,0,1,0,0,0,0.5,1,0,0,0,0.5,1,1,1.5,2,2,2,0.0769230769230769,0.0769230769230769,0.0769230769230769,0.0769230769230769,0.0769230769230769,0.153846153846154,0.153846153846154,0.153846153846154,0.153846153846154,0.153846153846154,0.769230769230769,0.769230769230769,0.769230769230769,0.769230769230769,0.769230769230769,2,0
"67",2,1,14,14,14,14,14,2,0,0,0,0.5,1,2,3,0,0,0,0.5,1,0,0,0,0.5,1,0.4,0.4,0.4,0.4,0.4,0.266666666666667,0.266666666666667,0.266666666666667,0.266666666666667,0.266666666666667,0.333333333333333,0.333333333333333,0.333333333333333,0.333333333333333,0.333333333333333,2,0
"68",2,1,115,115,115,115,115,0,1,0,0,0,0,1,2,0,0,0,2.5,5,0,0,0,7.5,15,0.1,0.151851851851852,0.203703703703704,0.601851851851852,1,0,0.138888888888889,0.277777777777778,0.288888888888889,0.3,0,0.259259259259259,0.518518518518518,0.559259259259259,0.6,2,1
"69",2,3,5,5.5,6,18,30,1,0,1,0,0,1,1,2,0,0,0,0,1,0,1,1,1,6,0.2,0.266666666666667,0.333333333333333,0.452380952380952,0.571428571428571,0.1,0.121428571428571,0.142857142857143,0.238095238095238,0.333333333333333,0.285714285714286,0.30952380952381,0.333333333333333,0.516666666666667,0.7,2,0
"70",3,0,0,0,0,0,0,0,0,3,0,0,0,0,0,0,0,0,0,0,0,0,0,0,0,0,0.0555555555555556,0.111111111111111,0.138888888888889,0.166666666666667,0,0,0,0.166666666666667,0.333333333333333,0.555555555555556,0.694444444444444,0.833333333333333,0.916666666666667,1,2,1
"71",3,0,0,0,0,0,0,0,0,3,0,0,0,0,0,0,0,0,0,0,0,0,0,0,0,0.122448979591837,0.126798260287722,0.131147540983607,0.174269422665716,0.217391304347826,0.180327868852459,0.198859586600143,0.217391304347826,0.292369121561668,0.36734693877551,0.510204081632653,0.5377107364685,0.565217391304348,0.626870990734141,0.688524590163934,2,0
"72",3,0,0,0,0,0,0,0,0,3,0,0,0,0,0,0,0,0,0,0,0,0,0,0,0,0.125,0.16412037037037,0.203240740740741,0.242361111111111,0.281481481481481,0.133333333333333,0.178125,0.222916666666667,0.267708333333333,0.3125,0.5625,0.568171296296296,0.573842592592593,0.579513888888889,0.585185185185185,2,1
"73",3,0,0,0,0,0,0,0,0,3,0,0,0,0,0,0,0,0,0,0,0,0,0,0.5,1,0,0.0368852459016393,0.0737704918032787,0.110655737704918,0.147540983606557,0,0.0532786885245902,0.10655737704918,0.15983606557377,0.213114754098361,0.639344262295082,0.729508196721312,0.819672131147541,0.909836065573771,1,2,0
"74",3,0,0,0,0,0,0,0,0,3,0,0,0,0,0,0,0,0,0,0,0,0.5,1,1,1,0.173913043478261,0.173913043478261,0.173913043478261,0.173913043478261,0.173913043478261,0.119565217391304,0.119565217391304,0.119565217391304,0.119565217391304,0.119565217391304,0.706521739130435,0.706521739130435,0.706521739130435,0.706521739130435,0.706521739130435,2,1
"75",3,0,0,0,0,0,0,0,1,2,0,0,0,0,0,0,0,0,0,0,0,0,0,0.5,1,0,0.05,0.1,0.15,0.2,0.3,0.315909090909091,0.331818181818182,0.347727272727273,0.363636363636364,0.5,0.534090909090909,0.568181818181818,0.602272727272727,0.636363636363636,2,0
"76",3,0,0,0,0,0,0,0,1,2,0,0,0,0,0,0,0,0,0,0,0,0,0,0.5,1,0.0952380952380952,0.110119047619048,0.125,0.166666666666667,0.208333333333333,0.0476190476190476,0.0863095238095238,0.125,0.1484375,0.171875,0.666666666666667,0.684895833333333,0.703125,0.780133928571429,0.857142857142857,2,1
"77",3,0,0,0,0,0,0,1,0,1,0,0,0,0,0,0,0,0,0,0,0,0,0,0.5,1,0.168604651162791,0.177522664564446,0.186440677966102,0.208604954367666,0.230769230769231,0.135593220338983,0.144719687092568,0.153846153846154,0.178667262969589,0.203488372093023,0.615384615384615,0.621645796064401,0.627906976744186,0.652936539219551,0.677966101694915,2,0
"78",3,0,0,0,0,0,0,1,0,2,0,0,0,0,0,0,0,0,0,0,0,0.5,1,1,1,0.111111111111111,0.145299145299145,0.179487179487179,0.33974358974359,0.5,0,0.111111111111111,0.222222222222222,0.239316239316239,0.256410256410256,0.5,0.532051282051282,0.564102564102564,0.615384615384615,0.666666666666667,2,1
"79",3,0,0,0,0,0,0,1,0,2,0,0,0,0.5,1,0,0,0,0,0,0,0,0,0.5,1,0.24,0.24,0.24,0.24,0.24,0.16,0.16,0.16,0.16,0.16,0.6,0.6,0.6,0.6,0.6,2,1
"80",3,0,0,0,0,0,0,1,1,1,0,0,0,0.5,1,0,0,0,0,0,0,0,0,1,2,0.104477611940299,0.129161882893226,0.153846153846154,0.173076923076923,0.192307692307692,0.0769230769230769,0.180252583237658,0.283582089552239,0.295637198622273,0.307692307692308,0.5,0.555970149253731,0.611940298507463,0.690585533869116,0.769230769230769,2,1
"81",3,0,0,0,0,0,0,1,2,0,0,0,0,0,0,0,0,0,0.5,1,0,0,0,0.5,1,0.203703703703704,0.215277777777778,0.226851851851852,0.238425925925926,0.25,0.1,0.144444444444444,0.188888888888889,0.233333333333333,0.277777777777778,0.518518518518518,0.551388888888889,0.584259259259259,0.61712962962963,0.65,2,1
"82",3,0,0,0,0,0,0,2,0,1,0,0,0,0.5,1,0,0,0,0,0,0,0.5,1,1,1,0.106060606060606,0.157670454545455,0.209280303030303,0.260890151515151,0.3125,0.0625,0.145359848484848,0.228219696969697,0.311079545454545,0.393939393939394,0.5,0.53125,0.5625,0.59375,0.625,2,1
"83",3,0,0,0,0,0,0,3,0,0,0,0.5,1,1,1,0,0,0,0,0,0,0,0,0,0,0.2,0.242948717948718,0.285897435897436,0.328846153846154,0.371794871794872,0.179487179487179,0.183002481389578,0.186517783291977,0.190033085194376,0.193548387096774,0.448717948717949,0.488151364764268,0.527584780810587,0.567018196856907,0.606451612903226,2,0
"84",3,1,8,8,8,8,8,1,0,2,0,0,0.5,1,1,0,0,0,0.5,2,0,0.75,1,1,1,0,0.121875,0.24375,0.288541666666667,0.333333333333333,0.2125,0.217361111111111,0.222222222222222,0.226495726495726,0.230769230769231,0.444444444444444,0.494097222222222,0.54375,0.656490384615385,0.769230769230769,2,0
"85",3,1,12,12,12,12,12,0,0,3,0,0,0,0.5,2,0,0,0,0.25,1,0,0.75,1.5,2,2,0.307692307692308,0.307692307692308,0.307692307692308,0.307692307692308,0.307692307692308,0.0769230769230769,0.0769230769230769,0.0769230769230769,0.0769230769230769,0.0769230769230769,0.615384615384615,0.615384615384615,0.615384615384615,0.615384615384615,0.615384615384615,2,0
"86",4,0,0,0,0,0,0,0,0,4,0,0,0,0,0,0,0,0,0,0,0,0,0.5,1,1,0.216216216216216,0.246996996996997,0.277777777777778,0.284992784992785,0.292207792207792,0.135135135135135,0.171463671463671,0.207792207792208,0.270562770562771,0.333333333333333,0.388888888888889,0.444444444444444,0.5,0.574324324324324,0.648648648648649,2,0
"87",4,0,0,0,0,0,0,0,1,3,0,0,0,0,0,0,0,0,0,0,0,0,0,0.25,1,0,0.075,0.120754716981132,0.154208998548621,0.192307692307692,0.0384615384615385,0.159615384615385,0.2,0.204245283018868,0.216981132075472,0.641509433962264,0.685377358490566,0.734615384615385,0.776923076923077,0.8,2,0
"88",4,0,0,0,0,0,0,0,1,3,0,0,0,0.25,1,0,0,0,0.25,1,0,0,0,0.25,1,0.0833333333333333,0.170698924731183,0.258064516129032,0.277337342810279,0.296610169491525,0.161016949152542,0.205508474576271,0.25,0.30241935483871,0.354838709677419,0.387096774193548,0.46473482777474,0.542372881355932,0.604519774011299,0.666666666666667,2,1
"89",4,0,0,0,0,0,0,1,0,3,0,0,0,0,0,0,0,0,0,0,0,0,0.5,1,1,0.228571428571429,0.242857142857143,0.257142857142857,0.271428571428571,0.285714285714286,0.114285714285714,0.121428571428571,0.128571428571429,0.135714285714286,0.142857142857143,0.571428571428571,0.592857142857143,0.614285714285714,0.635714285714286,0.657142857142857,2,0
"90",4,0,0,0,0,0,0,1,0,3,0,0,0,0.25,1,0,0,0,0,0,0,0,0.5,1,1,0.0666666666666667,0.0673423423423423,0.103161774214406,0.220138414217362,0.464285714285714,0.166666666666667,0.173423423423423,0.177123552123552,0.185363978127136,0.205741626794258,0.357142857142857,0.580912508544087,0.706129574550627,0.759234234234234,0.766666666666667,2,1
"91",4,0,0,0,0,0,0,1,1,2,0,0,0,0.25,1,0,0,0,0.25,1,0,0,0,0.25,1,0.193548387096774,0.193548387096774,0.193548387096774,0.193548387096774,0.193548387096774,0.290322580645161,0.290322580645161,0.290322580645161,0.290322580645161,0.290322580645161,0.516129032258065,0.516129032258065,0.516129032258065,0.516129032258065,0.516129032258065,2,1
"92",4,0,0,0,0,0,0,1,1,2,0,0,0.5,1,1,0,0,0,0.25,1,0,0,0,0,0,0.130434782608696,0.141304347826087,0.152173913043478,0.16304347826087,0.173913043478261,0.159420289855072,0.184782608695652,0.210144927536232,0.235507246376812,0.260869565217391,0.565217391304348,0.601449275362319,0.63768115942029,0.673913043478261,0.710144927536232,2,0
"93",4,0,0,0,0,0,0,2,0,2,0,0,0,0,0,0,0,0,0,0,0,0,0,0,0,0.16,0.248646616541353,0.289097744360902,0.35,0.5,0,0,0.06,0.136992481203007,0.18796992481203,0.5,0.525375939849624,0.616917293233083,0.705,0.72,2,0
"94",4,0,0,0,0,0,0,2,1,1,0,0,0.5,1,1,0,0,0,0.25,1,0,0,0,0.25,1,0.193548387096774,0.193548387096774,0.193548387096774,0.193548387096774,0.193548387096774,0.290322580645161,0.290322580645161,0.290322580645161,0.290322580645161,0.290322580645161,0.516129032258065,0.516129032258065,0.516129032258065,0.516129032258065,0.516129032258065,2,1
"95",4,1,5,5,5,5,5,1,0,3,0,0,0,1,1,0,0,0,0,0,0,0,0,0,1,0.150943396226415,0.222222222222222,0.24,0.333333333333333,0.36,0,0.04,0.12,0.169811320754717,0.222222222222222,0.52,0.555555555555556,0.666666666666667,0.679245283018868,0.72,2,0
"96",4,2,2,2.25,2.5,2.75,3,1,2,1,0,0,0,0,0,0,0,0,0.75,2,0,0,0,0.75,1,0.213483146067416,0.273408239700375,0.333333333333333,0.333333333333333,0.333333333333333,0,0.129213483146067,0.258426966292135,0.295880149812734,0.333333333333333,0.333333333333333,0.430711610486891,0.528089887640449,0.597378277153558,0.666666666666667,2,1
"97",5,0,0,0,0,0,0,0,1,4,0,0,0,0,0,0,0,0,0,0,0,0,1,1,2,0,0.1,0.166666666666667,0.192982456140351,0.288888888888889,0.12280701754386,0.155555555555556,0.166666666666667,0.2,0.272727272727273,0.555555555555556,0.666666666666667,0.684210526315789,0.7,0.727272727272727,2,1
"98",5,0,0,0,0,0,0,0,1,4,0,0,0,0,1,0,0,0,0,0,0,0,0,1,2,0.236842105263158,0.244683678894205,0.252525252525253,0.295276710769669,0.338028169014085,0.197183098591549,0.19727575982209,0.197368421052632,0.224946836788942,0.252525252525253,0.464788732394366,0.479869113671931,0.494949494949495,0.530369484316853,0.565789473684211,2,1
"99",5,0,0,0,0,0,0,0,2,3,0,0,0,0,0,0,0,0,0,1,0,0,0,0,1,0.125,0.185096153846154,0.241661846925005,0.283646616541353,0.3,0.1,0.15,0.177318295739348,0.205080007711587,0.256410256410256,0.533834586466165,0.537304800462695,0.569230769230769,0.627083333333333,0.708333333333333,2,0
"100",5,0,0,0,0,0,0,0,2,3,0,0,0,0,0,0,0,0,0,2,0,0,0,0,0,0.166666666666667,0.18010752688172,0.193548387096774,0.242878089652283,0.292207792207792,0.207792207792208,0.249057394218685,0.290322580645161,0.295161290322581,0.3,0.5,0.508064516129032,0.516129032258065,0.524731182795699,0.533333333333333,2,0
"101",5,0,0,0,0,0,0,1,1,3,0,0,0,0,1,0,0,0,0,1,0,0,0,0,0,0.0697674418604651,0.080338266384778,0.0909090909090909,0.104443309499489,0.117977528089888,0.209302325581395,0.267572511105304,0.325842696629214,0.390194075587334,0.454545454545455,0.454545454545455,0.505362614913177,0.556179775280899,0.638555003919519,0.720930232558139,2,1
"102",5,0,0,0,0,0,0,1,2,2,0,0,0,0,0,0,0,0,0,0,0,0,1,1,2,0.24375,0.250994318181818,0.258238636363636,0.265482954545455,0.272727272727273,0.0909090909090909,0.121306818181818,0.151704545454545,0.182102272727273,0.2125,0.54375,0.566903409090909,0.590056818181818,0.613210227272727,0.636363636363636,2,0
"103",5,0,0,0,0,0,0,1,3,1,0,0,0,0,1,0,0,0,1,1,0,0,0,0,1,0.351351351351351,0.351351351351351,0.351351351351351,0.351351351351351,0.351351351351351,0.108108108108108,0.108108108108108,0.108108108108108,0.108108108108108,0.108108108108108,0.540540540540541,0.540540540540541,0.540540540540541,0.540540540540541,0.540540540540541,2,0
"104",5,1,31,31,31,31,31,2,1,2,0,0,0,0.75,2,0,0,0,0,1,0,0,0,0.75,4,0.166666666666667,0.170289855072464,0.173913043478261,0.202341137123746,0.230769230769231,0.230769230769231,0.245819397993311,0.260869565217391,0.280434782608696,0.3,0.533333333333333,0.535897435897436,0.538461538461538,0.551839464882943,0.565217391304348,2,0
"105",6,0,0,0,0,0,0,0,0,6,0,0,0,0,0,0,0,0,0,0,0,0,0,0,1,0.0666666666666667,0.108305274971942,0.165612767238783,0.200577663671374,0.5,0.115384615384615,0.17350332594235,0.224242424242424,0.27962962962963,0.368421052631579,0.384615384615385,0.454678362573099,0.607046070460705,0.664634146341463,0.727272727272727,2,0
"106",6,0,0,0,0,0,0,0,2,4,0,0,0,0.75,1,0,0,0,0.75,1,1,1,1,1.75,4,0.114754098360656,0.139162918903235,0.163571739445815,0.187980559988394,0.212389380530973,0.221238938053097,0.251994777310315,0.282750616567532,0.31350645582475,0.344262295081967,0.540983606557377,0.547330625272015,0.553677643986653,0.560024662701291,0.566371681415929,2,0
"107",6,0,0,0,0,0,0,1,1,3,0,0,0,0,0,0,0,0,0,0,0,0.25,1,1,1,0,0.101785714285714,0.109126984126984,0.111111111111111,0.278195488721804,0.1,0.129464285714286,0.165413533834586,0.213659147869674,0.277777777777778,0.533834586466165,0.625,0.708333333333333,0.7875,0.875,2,1
"108",6,0,0,0,0,0,0,2,1,3,0,0,0,0,1,0,0,0,0,0,0,0,0,0,1,0,0.0384615384615385,0.0909090909090909,0.25,0.266666666666667,0,0.125,0.173076923076923,0.181818181818182,0.333333333333333,0.4,0.625,0.727272727272727,0.788461538461538,1,2,0
"109",6,0,0,0,0,0,0,2,1,3,0,0,0.5,1,1,0,0,0,0,1,0,1,1,1,1,0.235294117647059,0.235823106220906,0.236352094794752,0.236881083368599,0.237410071942446,0.152941176470588,0.156072788827761,0.159204401184934,0.162336013542107,0.165467625899281,0.597122302158273,0.600782903089293,0.604443504020313,0.608104104951333,0.611764705882353,2,0
"110",6,0,0,0,0,0,0,2,2,2,0,0,0,0,0,0,0,0,0,0,0,0,0,0,0,0.0833333333333333,0.0909090909090909,0.111111111111111,0.135135135135135,0.314814814814815,0.166666666666667,0.222222222222222,0.27027027027027,0.363636363636364,0.458333333333333,0.458333333333333,0.462962962962963,0.545454545454545,0.594594594594595,0.722222222222222,2,0
"111",6,1,48,48,48,48,48,0,6,0,0,0,0,0,0,0,0,1,1,9,0,0,0,1,4,0.102040816326531,0.102040816326531,0.102040816326531,0.102040816326531,0.102040816326531,0.387755102040816,0.387755102040816,0.387755102040816,0.387755102040816,0.387755102040816,0.510204081632653,0.510204081632653,0.510204081632653,0.510204081632653,0.510204081632653,2,0
"112",6,3,1,1.5,2,10.5,19,3,1,2,0,0,0,0,0,0,0,0,0,1,0,0,0,0,5,0,0.0833333333333333,0.156923076923077,0.29031713900135,0.5,0,0.0394736842105263,0.16974358974359,0.256410256410256,0.5,0,0.573717948717949,0.673333333333333,0.735380116959064,1,2,0
"113",7,0,0,0,0,0,0,1,0,6,0,0,0,0,1,0,0,0,0,0,0,0,0,0,2,0,0.0340909090909091,0.0714285714285714,0.248245614035088,0.333333333333333,0,0.0833333333333333,0.210526315789474,0.220779220779221,0.333333333333333,0.433333333333333,0.596491228070175,0.704545454545455,0.773809523809524,1,2,0
"114",7,0,0,0,0,0,0,1,3,3,0,0,0,0,0,0,0,0,0,1,0,0,0,0.5,1,0.0666666666666667,0.0809523809523809,0.108430913348946,0.154666962044011,0.225225225225225,0.180327868852459,0.268054940186088,0.327220077220077,0.384523809523809,0.466666666666667,0.466666666666667,0.474774774774775,0.517310167310167,0.589988290398127,0.688524590163934,2,0
"115",7,0,0,0,0,0,0,1,3,3,0,0,0,0.5,2,0,0,1,1,3,0,1,1,2.5,5,0.237410071942446,0.237410071942446,0.237410071942446,0.237410071942446,0.237410071942446,0.165467625899281,0.165467625899281,0.165467625899281,0.165467625899281,0.165467625899281,0.597122302158273,0.597122302158273,0.597122302158273,0.597122302158273,0.597122302158273,2,1
"116",7,1,3,3,3,3,3,3,1,3,0,0,0,0.25,1,0,0,0,0,1,0,0,0,1,2,0,0.139285714285714,0.204651162790698,0.256871035940803,0.464285714285714,0,0.163961038961039,0.186059907834101,0.298387096774194,0.337209302325581,0.357142857142857,0.477021040974529,0.557900432900433,0.596884164222874,1,2,0
"117",10,0,0,0,0,0,0,4,1,5,0,0,0,0.75,2,0,0,0,0,1,0,0,0,1,1,0.09,0.160493827160494,0.192307692307692,0.213483146067416,0.217391304347826,0.217391304347826,0.258426966292135,0.26,0.283950617283951,0.307692307692308,0.5,0.528089887640449,0.555555555555556,0.565217391304348,0.65,2,0
"118",11,0,0,0,0,0,0,2,4,5,0,0,0,0,1,0,0,0,0,0,0,0,0,0.5,2,0.131578947368421,0.163461538461538,0.223660714285714,0.271212121212121,0.5,0,0.160714285714286,0.20933014354067,0.259706439393939,0.5,0.333333333333333,0.451515151515151,0.497474747474748,0.629323308270677,0.846153846153846,2,0
"119",14,0,0,0,0,0,0,5,2,6,0,0,0,1,2,0,0,0,0.75,1,0,0,0,1,1,0.237410071942446,0.303057553956835,0.368705035971223,0.434352517985612,0.5,0.165467625899281,0.18660071942446,0.20773381294964,0.22886690647482,0.25,0.25,0.336780575539568,0.423561151079137,0.510341726618705,0.597122302158273,2,0
"120",14,0,0,0,0,0,0,7,0,7,0,0,0,1,2,0,0,0,0,1,0,0,1,1.75,4,0.160493827160494,0.19047619047619,0.244186046511628,0.264957264957265,0.327272727272727,0.116279069767442,0.181818181818182,0.19047619047619,0.264957264957265,0.283950617283951,0.47008547008547,0.490909090909091,0.555555555555556,0.619047619047619,0.63953488372093,2,1
"121",16,0,0,0,0,0,0,1,4,11,0,0,0,0,1,0,0,0,0,1,0,0,0,0.25,1,0,0.0833333333333333,0.193556443556444,0.236486486486486,0.4,0,0.0613395225464191,0.159346846846847,0.282657657657658,0.4,0.477477477477477,0.577356632131913,0.605555555555556,0.692307692307692,1,2,1
"122",25,1,2,2,2,2,2,7,4,14,0,0,0,1,1,0,0,0,0,1,0,0,0,0.75,2,0,0.162790697674419,0.214285714285714,0.266666666666667,0.36046511627907,0,0.12280701754386,0.222222222222222,0.238095238095238,0.325581395348837,0.444444444444444,0.528089887640449,0.593023255813954,0.666666666666667,1,2,0
"123",27,0,0,0,0,0,0,5,10,12,0,0,0,0,2,0,0,0,1,2,0,0,0,0.5,2,0,0.0589887640449438,0.2,0.201351351351351,0.666666666666667,0,0,0.243243243243243,0.309980171844018,0.36,0.333333333333333,0.497027027027027,0.556179775280899,0.752941176470588,1,2,1
"124",28,0,0,0,0,0,0,9,1,18,0,0,0,1,2,0,0,0,0,1,0,0,1,1,2,0.16,0.202431289640592,0.237693389592124,0.299380704041721,0.347826086956522,0.130434782608696,0.160762711864407,0.19971870604782,0.241258741258741,0.337209302325581,0.453488372093023,0.506688963210702,0.543913713405239,0.559071729957806,0.68,2,1
